"No.","Time","Source","Destination","Protocol","Length","ThrottlePedalDemand.values.throttleDemand","Brake2Status.values.brakePressed","SpeedStatus.values.speed","SpeedStatus.values.speedRangeFault","CruiseControlDemand.values.throttleDemand","CruiseControlDemand.faults.throttleDemand","Info"
"1","0.000000","00:fe:ed:c0:ff:ee","Apple_71:a3:f8","ARP","60","","","","","","","Who has 10.70.142.159? Tell 10.70.128.1"
"2","0.511822","184.26.148.25","10.70.129.112","TLSv1.2","90","","","","","","","Application Data"
"3","0.511825","184.26.148.25","10.70.129.112","TCP","66","","","","","","","443  >  59903 [FIN, ACK] Seq=25 Ack=1 Win=501 Len=0 TSval=2764943721 TSecr=1422799678"
"4","0.511826","184.26.148.25","10.70.129.112","TCP","66","","","","","","","[TCP Out-Of-Order] 443  >  59903 [FIN, ACK] Seq=25 Ack=1 Win=501 Len=0 TSval=2764943738 TSecr=1422799678"
"5","0.511902","10.70.129.112","184.26.148.25","TCP","66","","","","","","","59903  >  443 [ACK] Seq=1 Ack=25 Win=2047 Len=0 TSval=1422819671 TSecr=2764943721"
"6","0.511903","10.70.129.112","184.26.148.25","TCP","66","","","","","","","59903  >  443 [ACK] Seq=1 Ack=26 Win=2047 Len=0 TSval=1422819671 TSecr=2764943721"
"7","0.511969","10.70.129.112","184.26.148.25","TCP","66","","","","","","","[TCP Dup ACK 6#1] 59903  >  443 [ACK] Seq=1 Ack=26 Win=2047 Len=0 TSval=1422819671 TSecr=2764943721"
"8","0.512165","10.70.129.112","184.26.148.25","TLSv1.2","105","","","","","","","Application Data"
"9","0.512475","10.70.129.112","184.26.148.25","TLSv1.2","90","","","","","","","Application Data"
"10","0.512891","10.70.129.112","184.26.148.25","TCP","66","","","","","","","59903  >  443 [FIN, ACK] Seq=64 Ack=26 Win=2048 Len=0 TSval=1422819671 TSecr=2764943721"
"11","0.518218","184.26.148.25","10.70.129.112","TCP","60","","","","","","","443  >  59903 [RST] Seq=26 Win=0 Len=0"
"12","0.518221","184.26.148.25","10.70.129.112","TCP","60","","","","","","","443  >  59903 [RST] Seq=26 Win=0 Len=0"
"13","0.518222","184.26.148.25","10.70.129.112","TCP","60","","","","","","","443  >  59903 [RST] Seq=26 Win=0 Len=0"
"14","0.922224","00:fe:ed:c0:ff:ee","Apple_71:a3:f8","ARP","60","","","","","","","Who has 10.70.142.159? Tell 10.70.128.1"
"15","1.126743","00:fe:ed:c0:ff:ee","Apple_71:a3:f8","ARP","60","","","","","","","Who has 10.70.129.39? Tell 10.70.128.1"
"16","1.127316","23.10.252.43","10.70.129.112","TLSv1.2","90","","","","","","","Application Data"
"17","1.127320","23.10.252.43","10.70.129.112","TCP","66","","","","","","","443  >  59908 [FIN, ACK] Seq=25 Ack=1 Win=292 Len=0 TSval=2114055587 TSecr=1422800396"
"18","1.127407","10.70.129.112","23.10.252.43","TCP","66","","","","","","","59908  >  443 [ACK] Seq=1 Ack=25 Win=2047 Len=0 TSval=1422820284 TSecr=2114055587"
"19","1.127408","10.70.129.112","23.10.252.43","TCP","66","","","","","","","59908  >  443 [ACK] Seq=1 Ack=26 Win=2047 Len=0 TSval=1422820284 TSecr=2114055587"
"20","1.141191","10.70.129.112","23.10.252.43","TLSv1.2","105","","","","","","","Application Data"
"21","1.141976","10.70.129.112","23.10.252.43","TLSv1.2","90","","","","","","","Application Data"
"22","1.142680","10.70.129.112","23.10.252.43","TCP","66","","","","","","","59908  >  443 [FIN, ACK] Seq=64 Ack=26 Win=2048 Len=0 TSval=1422820298 TSecr=2114055587"
"23","1.146948","23.10.252.43","10.70.129.112","TCP","60","","","","","","","443  >  59908 [RST] Seq=26 Win=0 Len=0"
"24","1.146953","23.10.252.43","10.70.129.112","TCP","60","","","","","","","443  >  59908 [RST] Seq=26 Win=0 Len=0"
"25","1.150644","23.10.252.43","10.70.129.112","TCP","60","","","","","","","443  >  59908 [RST] Seq=26 Win=0 Len=0"
"26","2.154304","00:fe:ed:c0:ff:ee","Apple_71:a3:f8","ARP","60","","","","","","","Who has 10.70.129.39? Tell 10.70.128.1"
"27","2.154309","00:fe:ed:c0:ff:ee","Apple_71:a3:f8","ARP","60","","","","","","","Who has 10.70.142.159? Tell 10.70.128.1"
"28","3.074904","00:fe:ed:c0:ff:ee","Apple_71:a3:f8","ARP","60","","","","","","","Who has 10.70.129.39? Tell 10.70.128.1"
"29","3.158706","00:fe:ed:c0:ff:ee","Apple_71:a3:f8","ARP","60","","","","","","","Who has 10.70.142.159? Tell 10.70.128.1"
"30","4.198998","00:fe:ed:c0:ff:ee","Apple_71:a3:f8","ARP","60","","","","","","","Who has 10.70.142.159? Tell 10.70.128.1"
"31","4.251030","10.70.129.112","172.67.221.13","TCP","54","","","","","","","59868  >  443 [ACK] Seq=1 Ack=1 Win=4096 Len=0"
"32","4.262438","172.67.221.13","10.70.129.112","TCP","54","","","","","","","[TCP ACKed unseen segment] 443  >  59868 [ACK] Seq=1 Ack=2 Win=66 Len=0"
"33","4.505600","00:fe:ed:c0:ff:ee","Apple_71:a3:f8","ARP","60","","","","","","","Who has 10.70.129.39? Tell 10.70.128.1"
"34","5.427053","00:fe:ed:c0:ff:ee","Apple_71:a3:f8","ARP","60","","","","","","","Who has 10.70.142.159? Tell 10.70.128.1"
"35","5.427056","00:fe:ed:c0:ff:ee","Apple_71:a3:f8","ARP","60","","","","","","","Who has 10.70.129.39? Tell 10.70.128.1"
"36","5.632044","00:fe:ed:c0:ff:ee","Apple_71:a3:f8","ARP","60","","","","","","","Who has 10.70.129.69? Tell 10.70.128.1"
"37","6.453882","00:fe:ed:c0:ff:ee","Apple_71:a3:f8","ARP","60","","","","","","","Who has 10.70.142.159? Tell 10.70.128.1"
"38","6.453888","00:fe:ed:c0:ff:ee","Apple_71:a3:f8","ARP","60","","","","","","","Who has 10.70.129.39? Tell 10.70.128.1"
"39","6.657374","00:fe:ed:c0:ff:ee","Apple_71:a3:f8","ARP","60","","","","","","","Who has 10.70.129.69? Tell 10.70.128.1"
"40","7.478090","00:fe:ed:c0:ff:ee","Apple_71:a3:f8","ARP","60","","","","","","","Who has 10.70.142.159? Tell 10.70.128.1"
"41","7.682066","00:fe:ed:c0:ff:ee","Apple_71:a3:f8","ARP","60","","","","","","","Who has 10.70.129.69? Tell 10.70.128.1"
"42","8.704448","00:fe:ed:c0:ff:ee","Apple_71:a3:f8","ARP","60","","","","","","","Who has 10.70.129.69? Tell 10.70.128.1"
"43","8.704452","00:fe:ed:c0:ff:ee","Apple_71:a3:f8","ARP","60","","","","","","","Who has 10.70.142.159? Tell 10.70.128.1"
"44","8.945270","10.70.129.112","151.101.1.69","TCP","54","","","","","","","59880  >  443 [ACK] Seq=1 Ack=1 Win=2056 Len=0"
"45","8.953916","151.101.1.69","10.70.129.112","TCP","66","","","","","","","[TCP ACKed unseen segment] 443  >  59880 [ACK] Seq=1 Ack=2 Win=285 Len=0 TSval=555071460 TSecr=1422738085"
"46","9.526494","10.70.129.112","99.84.5.7","TCP","54","","","","","","","59882  >  443 [ACK] Seq=1 Ack=1 Win=2048 Len=0"
"47","9.534561","99.84.5.7","10.70.129.112","TCP","66","","","","","","","[TCP ACKed unseen segment] 443  >  59882 [ACK] Seq=1 Ack=2 Win=133 Len=0 TSval=886802444 TSecr=1422738667"
"48","9.728042","00:fe:ed:c0:ff:ee","Apple_71:a3:f8","ARP","60","","","","","","","Who has 10.70.129.69? Tell 10.70.128.1"
"49","9.728047","00:fe:ed:c0:ff:ee","Apple_71:a3:f8","ARP","60","","","","","","","Who has 10.70.142.159? Tell 10.70.128.1"
"50","9.795703","10.70.129.112","151.101.129.69","TCP","54","","","","","","","59879  >  443 [ACK] Seq=1 Ack=1 Win=2048 Len=0"
"51","9.801346","151.101.129.69","10.70.129.112","TCP","66","","","","","","","[TCP ACKed unseen segment] 443  >  59879 [ACK] Seq=1 Ack=2 Win=293 Len=0 TSval=213955228 TSecr=1422738935"
"52","9.817117","10.70.129.112","91.228.74.134","TCP","54","","","","","","","59883  >  443 [ACK] Seq=1 Ack=1 Win=2051 Len=0"
"53","9.836872","91.228.74.134","10.70.129.112","TCP","66","","","","","","","[TCP ACKed unseen segment] 443  >  59883 [ACK] Seq=1 Ack=2 Win=91 Len=0 TSval=753327652 TSecr=1422738885"
"54","10.445763","52.97.146.130","10.70.129.112","TLSv1.2","89","","","","","","","Application Data"
"55","10.445766","52.97.146.130","10.70.129.112","TLSv1.2","148","","","","","","","Application Data"
"56","10.445767","52.97.146.130","10.70.129.112","TLSv1.2","1086","","","","","","","Application Data"
"57","10.445767","52.97.146.130","10.70.129.112","TLSv1.2","89","","","","","","","Application Data"
"58","10.445768","52.97.146.130","10.70.129.112","TLSv1.2","89","","","","","","","Application Data"
"59","10.445768","52.97.146.130","10.70.129.112","TLSv1.2","1145","","","","","","","Application Data"
"60","10.445769","52.97.146.130","10.70.129.112","TLSv1.2","89","","","","","","","Application Data"
"61","10.445844","10.70.129.112","52.97.146.130","TCP","54","","","","","","","59886  >  443 [ACK] Seq=1 Ack=36 Win=4095 Len=0"
"62","10.445844","10.70.129.112","52.97.146.130","TCP","54","","","","","","","59886  >  443 [ACK] Seq=1 Ack=130 Win=4093 Len=0"
"63","10.445844","10.70.129.112","52.97.146.130","TCP","54","","","","","","","59886  >  443 [ACK] Seq=1 Ack=1162 Win=4077 Len=0"
"64","10.445902","10.70.129.112","52.97.146.130","TCP","54","","","","","","","59886  >  443 [ACK] Seq=1 Ack=1197 Win=4077 Len=0"
"65","10.445902","10.70.129.112","52.97.146.130","TCP","54","","","","","","","59887  >  443 [ACK] Seq=1 Ack=36 Win=4095 Len=0"
"66","10.445903","10.70.129.112","52.97.146.130","TCP","54","","","","","","","59887  >  443 [ACK] Seq=1 Ack=1127 Win=4078 Len=0"
"67","10.445903","10.70.129.112","52.97.146.130","TCP","54","","","","","","","59887  >  443 [ACK] Seq=1 Ack=1162 Win=4077 Len=0"
"68","10.708624","10.70.129.112","140.82.112.26","TCP","54","","","","","","","59756  >  443 [ACK] Seq=1 Ack=1 Win=2048 Len=0"
"69","10.711725","00:fe:ed:c0:ff:ee","Apple_71:a3:f8","ARP","60","","","","","","","Who has 10.70.129.69? Tell 10.70.128.1"
"70","10.711729","00:fe:ed:c0:ff:ee","Apple_71:a3:f8","ARP","60","","","","","","","Who has 10.70.142.159? Tell 10.70.128.1"
"71","10.726972","00:fe:ed:c0:ff:ee","Apple_71:a3:f8","ARP","60","","","","","","","Who has 10.70.143.227? Tell 10.70.128.1"
"72","10.791872","140.82.112.26","10.70.129.112","TCP","66","","","","","","","[TCP ACKed unseen segment] 443  >  59756 [ACK] Seq=1 Ack=2 Win=70 Len=0 TSval=1159688442 TSecr=1422784770"
"73","11.059905","00:fe:ed:c0:ff:ee","Apple_71:a3:f8","ARP","60","","","","","","","Who has 10.70.141.120? Tell 10.70.128.1"
"74","11.776363","00:fe:ed:c0:ff:ee","Apple_71:a3:f8","ARP","60","","","","","","","Who has 10.70.143.227? Tell 10.70.128.1"
"75","11.981132","00:fe:ed:c0:ff:ee","Apple_71:a3:f8","ARP","60","","","","","","","Who has 10.70.142.159? Tell 10.70.128.1"
"76","11.981134","00:fe:ed:c0:ff:ee","Apple_71:a3:f8","ARP","60","","","","","","","Who has 10.70.141.120? Tell 10.70.128.1"
"77","12.390500","00:fe:ed:c0:ff:ee","Apple_71:a3:f8","ARP","60","","","","","","","Who has 10.70.129.39? Tell 10.70.128.1"
"78","12.800379","00:fe:ed:c0:ff:ee","Apple_71:a3:f8","ARP","60","","","","","","","Who has 10.70.143.227? Tell 10.70.128.1"
"79","13.005828","00:fe:ed:c0:ff:ee","Apple_71:a3:f8","ARP","60","","","","","","","Who has 10.70.142.159? Tell 10.70.128.1"
"80","13.005834","00:fe:ed:c0:ff:ee","Apple_71:a3:f8","ARP","60","","","","","","","Who has 10.70.141.120? Tell 10.70.128.1"
"81","13.312696","00:fe:ed:c0:ff:ee","Apple_71:a3:f8","ARP","60","","","","","","","Who has 10.70.129.39? Tell 10.70.128.1"
"82","14.029172","00:fe:ed:c0:ff:ee","Apple_71:a3:f8","ARP","60","","","","","","","Who has 10.70.142.159? Tell 10.70.128.1"
"83","14.029177","00:fe:ed:c0:ff:ee","Apple_71:a3:f8","ARP","60","","","","","","","Who has 10.70.129.112? Tell 10.70.128.1"
"84","14.029232","Apple_71:a3:f8","00:fe:ed:c0:ff:ee","ARP","42","","","","","","","10.70.129.112 is at dc:a9:04:71:a3:f8"
"85","14.337053","00:fe:ed:c0:ff:ee","Apple_71:a3:f8","ARP","60","","","","","","","Who has 10.70.129.39? Tell 10.70.128.1"
"86","14.541097","00:fe:ed:c0:ff:ee","Apple_71:a3:f8","ARP","60","","","","","","","Who has 10.70.141.120? Tell 10.70.128.1"
"87","15.258377","00:fe:ed:c0:ff:ee","Apple_71:a3:f8","ARP","60","","","","","","","Who has 10.70.142.159? Tell 10.70.128.1"
"88","15.565194","00:fe:ed:c0:ff:ee","Apple_71:a3:f8","ARP","60","","","","","","","Who has 10.70.141.120? Tell 10.70.128.1"
"89","15.565198","00:fe:ed:c0:ff:ee","Apple_71:a3:f8","ARP","60","","","","","","","Who has 10.70.129.69? Tell 10.70.128.1"
"90","16.281767","00:fe:ed:c0:ff:ee","Apple_71:a3:f8","ARP","60","","","","","","","Who has 10.70.142.159? Tell 10.70.128.1"
"91","16.589226","00:fe:ed:c0:ff:ee","Apple_71:a3:f8","ARP","60","","","","","","","Who has 10.70.141.120? Tell 10.70.128.1"
"92","16.589231","00:fe:ed:c0:ff:ee","Apple_71:a3:f8","ARP","60","","","","","","","Who has 10.70.129.69? Tell 10.70.128.1"
"93","17.203326","00:fe:ed:c0:ff:ee","Apple_71:a3:f8","ARP","60","","","","","","","Who has 10.70.142.159? Tell 10.70.128.1"
"94","17.613486","00:fe:ed:c0:ff:ee","Apple_71:a3:f8","ARP","60","","","","","","","Who has 10.70.129.69? Tell 10.70.128.1"
"95","17.921655","00:fe:ed:c0:ff:ee","Apple_71:a3:f8","ARP","60","","","","","","","Who has 10.70.141.120? Tell 10.70.128.1"
"96","18.534321","00:fe:ed:c0:ff:ee","Apple_71:a3:f8","ARP","60","","","","","","","Who has 10.70.142.159? Tell 10.70.128.1"
"97","18.841617","52.97.133.178","10.70.129.112","TLSv1.2","89","","","","","","","Application Data"
"98","18.841622","52.97.133.178","10.70.129.112","TLSv1.2","1145","","","","","","","Application Data"
"99","18.841624","52.97.133.178","10.70.129.112","TLSv1.2","89","","","","","","","Application Data"
"100","18.841731","10.70.129.112","52.97.133.178","TCP","54","","","","","","","58611  >  443 [ACK] Seq=1 Ack=36 Win=4095 Len=0"
"101","18.841815","10.70.129.112","52.97.133.178","TCP","54","","","","","","","58611  >  443 [ACK] Seq=1 Ack=1127 Win=4078 Len=0"
"102","18.841815","10.70.129.112","52.97.133.178","TCP","54","","","","","","","58611  >  443 [ACK] Seq=1 Ack=1162 Win=4077 Len=0"
"103","18.842233","00:fe:ed:c0:ff:ee","Apple_71:a3:f8","ARP","60","","","","","","","Who has 10.70.141.120? Tell 10.70.128.1"
"104","19.100879","10.70.129.112","74.125.140.188","TCP","54","","","","","","","58648  >  5228 [ACK] Seq=1 Ack=1 Win=2048 Len=0"
"105","19.114569","74.125.140.188","10.70.129.112","TCP","66","","","","","","","[TCP ACKed unseen segment] 5228  >  58648 [ACK] Seq=1 Ack=2 Win=265 Len=0 TSval=1194901735 TSecr=1422478156"
"106","19.455806","40.100.174.194","10.70.129.112","TLSv1.2","89","","","","","","","Application Data"
"107","19.455809","40.100.174.194","10.70.129.112","TLSv1.2","1145","","","","","","","Application Data"
"108","19.455809","40.100.174.194","10.70.129.112","TLSv1.2","89","","","","","","","Application Data"
"109","19.455810","00:fe:ed:c0:ff:ee","Apple_71:a3:f8","ARP","60","","","","","","","Who has 10.70.142.159? Tell 10.70.128.1"
"110","19.455871","10.70.129.112","40.100.174.194","TCP","54","","","","","","","58667  >  443 [ACK] Seq=1 Ack=36 Win=4095 Len=0"
"111","19.455871","10.70.129.112","40.100.174.194","TCP","54","","","","","","","58667  >  443 [ACK] Seq=1 Ack=1127 Win=4078 Len=0"
"112","19.455914","10.70.129.112","40.100.174.194","TCP","54","","","","","","","58667  >  443 [ACK] Seq=1 Ack=1162 Win=4077 Len=0"
"113","19.866088","00:fe:ed:c0:ff:ee","Apple_71:a3:f8","ARP","60","","","","","","","Who has 10.70.141.120? Tell 10.70.128.1"
"114","19.972845","00:fe:ed:c0:ff:ee","Apple_71:a3:f8","ARP","60","","","","","","","Who has 10.70.129.39? Tell 10.70.128.1"
"115","20.013729","00:fe:ed:c0:ff:ee","Apple_71:a3:f8","ARP","60","","","","","","","Who has 10.70.142.198? Tell 10.70.128.1"
"116","20.480277","00:fe:ed:c0:ff:ee","Apple_71:a3:f8","ARP","60","","","","","","","Who has 10.70.142.159? Tell 10.70.128.1"
"117","20.992726","00:fe:ed:c0:ff:ee","Apple_71:a3:f8","ARP","60","","","","","","","Who has 10.70.141.120? Tell 10.70.128.1"
"118","20.992729","00:fe:ed:c0:ff:ee","Apple_71:a3:f8","ARP","60","","","","","","","Who has 10.70.129.39? Tell 10.70.128.1"
"119","21.015926","00:fe:ed:c0:ff:ee","Apple_71:a3:f8","ARP","60","","","","","","","Who has 10.70.142.198? Tell 10.70.128.1"
"120","21.708813","00:fe:ed:c0:ff:ee","Apple_71:a3:f8","ARP","60","","","","","","","Who has 10.70.142.159? Tell 10.70.128.1"
"121","21.913653","00:fe:ed:c0:ff:ee","Apple_71:a3:f8","ARP","60","","","","","","","Who has 10.70.141.120? Tell 10.70.128.1"
"122","21.976192","00:fe:ed:c0:ff:ee","Apple_71:a3:f8","ARP","60","","","","","","","Who has 10.70.129.39? Tell 10.70.128.1"
"123","22.017549","00:fe:ed:c0:ff:ee","Apple_71:a3:f8","ARP","60","","","","","","","Who has 10.70.142.198? Tell 10.70.128.1"
"124","22.076144","10.70.129.112","13.35.199.36","TCP","54","","","","","","","59839  >  443 [ACK] Seq=1 Ack=1 Win=2048 Len=0"
"125","22.082338","13.35.199.36","10.70.129.112","TCP","66","","","","","","","[TCP ACKed unseen segment] 443  >  59839 [ACK] Seq=1 Ack=2 Win=133 Len=0 TSval=561739179 TSecr=1422616179"
"126","22.154465","52.97.133.178","10.70.129.112","TLSv1.2","89","","","","","","","Application Data"
"127","22.154470","52.97.133.178","10.70.129.112","TLSv1.2","667","","","","","","","Application Data"
"128","22.154471","52.97.133.178","10.70.129.112","TLSv1.2","343","","","","","","","Application Data"
"129","22.154473","52.97.133.178","10.70.129.112","TLSv1.2","313","","","","","","","Application Data"
"130","22.154474","52.97.133.178","10.70.129.112","TLSv1.2","89","","","","","","","Application Data"
"131","22.154592","10.70.129.112","52.97.133.178","TCP","54","","","","","","","58634  >  443 [ACK] Seq=1 Ack=36 Win=4095 Len=0"
"132","22.154593","10.70.129.112","52.97.133.178","TCP","54","","","","","","","58634  >  443 [ACK] Seq=1 Ack=649 Win=4085 Len=0"
"133","22.154671","10.70.129.112","52.97.133.178","TCP","54","","","","","","","58634  >  443 [ACK] Seq=1 Ack=938 Win=4081 Len=0"
"134","22.154672","10.70.129.112","52.97.133.178","TCP","54","","","","","","","58634  >  443 [ACK] Seq=1 Ack=1197 Win=4077 Len=0"
"135","22.154672","10.70.129.112","52.97.133.178","TCP","54","","","","","","","58634  >  443 [ACK] Seq=1 Ack=1232 Win=4076 Len=0"
"136","22.732764","00:fe:ed:c0:ff:ee","Apple_71:a3:f8","ARP","60","","","","","","","Who has 10.70.142.159? Tell 10.70.128.1"
"137","22.937425","00:fe:ed:c0:ff:ee","Apple_71:a3:f8","ARP","60","","","","","","","Who has 10.70.141.120? Tell 10.70.128.1"
"138","23.654610","52.98.145.66","10.70.129.112","TLSv1.2","89","","","","","","","Application Data"
"139","23.654614","52.98.145.66","10.70.129.112","TLSv1.2","891","","","","","","","Application Data"
"140","23.654615","52.98.145.66","10.70.129.112","TLSv1.2","343","","","","","","","Application Data"
"141","23.654616","52.98.145.66","10.70.129.112","TLSv1.2","89","","","","","","","Application Data"
"142","23.654702","10.70.129.112","52.98.145.66","TCP","54","","","","","","","58660  >  443 [ACK] Seq=1 Ack=36 Win=4095 Len=0"
"143","23.654770","10.70.129.112","52.98.145.66","TCP","54","","","","","","","58660  >  443 [ACK] Seq=1 Ack=873 Win=4082 Len=0"
"144","23.654770","10.70.129.112","52.98.145.66","TCP","54","","","","","","","58660  >  443 [ACK] Seq=1 Ack=1162 Win=4077 Len=0"
"145","23.654770","10.70.129.112","52.98.145.66","TCP","54","","","","","","","58660  >  443 [ACK] Seq=1 Ack=1197 Win=4077 Len=0"
"146","23.696008","00:fe:ed:c0:ff:ee","Apple_71:a3:f8","ARP","60","","","","","","","Who has 10.70.142.159? Tell 10.70.128.1"
"147","23.961508","00:fe:ed:c0:ff:ee","Apple_71:a3:f8","ARP","60","","","","","","","Who has 10.70.141.120? Tell 10.70.128.1"
"148","24.780916","00:fe:ed:c0:ff:ee","Apple_71:a3:f8","ARP","60","","","","","","","Who has 10.70.129.69? Tell 10.70.128.1"
"149","24.985578","00:fe:ed:c0:ff:ee","Apple_71:a3:f8","ARP","60","","","","","","","Who has 10.70.141.120? Tell 10.70.128.1"
"150","24.985580","00:fe:ed:c0:ff:ee","Apple_71:a3:f8","ARP","60","","","","","","","Who has 10.70.142.159? Tell 10.70.128.1"
"151","25.320108","10.70.129.112","104.18.5.138","TCP","54","","","","","","","59842  >  443 [ACK] Seq=1 Ack=1 Win=4096 Len=0"
"152","25.327877","104.18.5.138","10.70.129.112","TCP","60","","","","","","","[TCP ACKed unseen segment] 443  >  59842 [ACK] Seq=1 Ack=2 Win=73 Len=0"
"153","25.600231","140.82.112.26","10.70.129.112","TLSv1.2","92","","","","","","","[TCP ACKed unseen segment] , Application Data"
"154","25.600346","10.70.129.112","140.82.112.26","TCP","66","","","","","","","[TCP Previous segment not captured] 59756  >  443 [ACK] Seq=2 Ack=27 Win=2047 Len=0 TSval=1422844737 TSecr=1159703148"
"155","25.600560","10.70.129.112","140.82.112.26","TLSv1.2","96","","","","","","","Application Data"
"156","25.647686","10.70.129.112","142.250.180.10","TCP","54","","","","","","","59862  >  443 [ACK] Seq=1 Ack=1 Win=2048 Len=0"
"157","25.652869","142.250.180.10","10.70.129.112","TCP","66","","","","","","","[TCP ACKed unseen segment] 443  >  59862 [ACK] Seq=1 Ack=2 Win=261 Len=0 TSval=2102687318 TSecr=1422619760"
"158","25.683833","140.82.112.26","10.70.129.112","TCP","66","","","","","","","[TCP ACKed unseen segment] 443  >  59756 [ACK] Seq=27 Ack=32 Win=70 Len=0 TSval=1159703333 TSecr=1422844737"
"159","25.758002","00:fe:ed:c0:ff:ee","Apple_71:a3:f8","ARP","60","","","","","","","Who has 10.70.129.69? Tell 10.70.128.1"
"160","26.010216","00:fe:ed:c0:ff:ee","Apple_71:a3:f8","ARP","60","","","","","","","Who has 10.70.141.120? Tell 10.70.128.1"
"161","26.010219","00:fe:ed:c0:ff:ee","Apple_71:a3:f8","ARP","60","","","","","","","Who has 10.70.142.159? Tell 10.70.128.1"
"162","26.214738","00:fe:ed:c0:ff:ee","Apple_71:a3:f8","ARP","60","","","","","","","Who has 10.70.129.119? Tell 10.70.128.1"
"163","27.033921","00:fe:ed:c0:ff:ee","Apple_71:a3:f8","ARP","60","","","","","","","Who has 10.70.142.159? Tell 10.70.128.1"
"164","27.033924","00:fe:ed:c0:ff:ee","Apple_71:a3:f8","ARP","60","","","","","","","Who has 10.70.141.120? Tell 10.70.128.1"
"165","27.750282","00:fe:ed:c0:ff:ee","Apple_71:a3:f8","ARP","60","","","","","","","Who has 10.70.129.39? Tell 10.70.128.1"
"166","28.057486","00:fe:ed:c0:ff:ee","Apple_71:a3:f8","ARP","60","","","","","","","Who has 10.70.141.120? Tell 10.70.128.1"
"167","28.095796","10.70.129.112","104.18.143.51","TCP","54","","","","","","","59837  >  443 [ACK] Seq=1 Ack=1 Win=4096 Len=0"
"168","28.101531","104.18.143.51","10.70.129.112","TCP","60","","","","","","","[TCP ACKed unseen segment] 443  >  59837 [ACK] Seq=1 Ack=2 Win=281 Len=0"
"169","28.204803","00:fe:ed:c0:ff:ee","Apple_71:a3:f8","ARP","60","","","","","","","Who has 10.70.142.159? Tell 10.70.128.1"
"170","28.672299","00:fe:ed:c0:ff:ee","Apple_71:a3:f8","ARP","60","","","","","","","Who has 10.70.129.39? Tell 10.70.128.1"
"171","28.979229","00:fe:ed:c0:ff:ee","Apple_71:a3:f8","ARP","60","","","","","","","Who has 10.70.141.120? Tell 10.70.128.1"
"172","29.286783","00:fe:ed:c0:ff:ee","Apple_71:a3:f8","ARP","60","","","","","","","Who has 10.70.142.159? Tell 10.70.128.1"
"173","29.696959","00:fe:ed:c0:ff:ee","Apple_71:a3:f8","ARP","60","","","","","","","Who has 10.70.129.39? Tell 10.70.128.1"
"174","30.003035","00:fe:ed:c0:ff:ee","Apple_71:a3:f8","ARP","60","","","","","","","Who has 10.70.141.120? Tell 10.70.128.1"
"175","30.310283","00:fe:ed:c0:ff:ee","Apple_71:a3:f8","ARP","60","","","","","","","Who has 10.70.142.159? Tell 10.70.128.1"
"176","31.027366","00:fe:ed:c0:ff:ee","Apple_71:a3:f8","ARP","60","","","","","","","Who has 10.70.141.120? Tell 10.70.128.1"
"177","31.539100","00:fe:ed:c0:ff:ee","Apple_71:a3:f8","ARP","60","","","","","","","Who has 10.70.142.159? Tell 10.70.128.1"
"178","31.539102","00:fe:ed:c0:ff:ee","Apple_71:a3:f8","ARP","60","","","","","","","Who has 10.70.143.222? Tell 10.70.128.1"
"179","32.051004","00:fe:ed:c0:ff:ee","Apple_71:a3:f8","ARP","60","","","","","","","Who has 10.70.141.120? Tell 10.70.128.1"
"180","32.562987","00:fe:ed:c0:ff:ee","Apple_71:a3:f8","ARP","60","","","","","","","Who has 10.70.142.159? Tell 10.70.128.1"
"181","32.562989","00:fe:ed:c0:ff:ee","Apple_71:a3:f8","ARP","60","","","","","","","Who has 10.70.143.222? Tell 10.70.128.1"
"182","32.870168","00:fe:ed:c0:ff:ee","Apple_71:a3:f8","ARP","60","","","","","","","Who has 10.70.142.97? Tell 10.70.128.1"
"183","33.074966","00:fe:ed:c0:ff:ee","Apple_71:a3:f8","ARP","60","","","","","","","Who has 10.70.141.120? Tell 10.70.128.1"
"184","33.485343","00:fe:ed:c0:ff:ee","Apple_71:a3:f8","ARP","60","","","","","","","Who has 10.70.142.159? Tell 10.70.128.1"
"185","33.797087","00:fe:ed:c0:ff:ee","Apple_71:a3:f8","ARP","60","","","","","","","Who has 10.70.142.97? Tell 10.70.128.1"
"186","34.102032","00:fe:ed:c0:ff:ee","Apple_71:a3:f8","ARP","60","","","","","","","Who has 10.70.141.120? Tell 10.70.128.1"
"187","34.815945","00:fe:ed:c0:ff:ee","Apple_71:a3:f8","ARP","60","","","","","","","Who has 10.70.142.159? Tell 10.70.128.1"
"188","34.815950","00:fe:ed:c0:ff:ee","Apple_71:a3:f8","ARP","60","","","","","","","Who has 10.70.142.97? Tell 10.70.128.1"
"189","35.122957","00:fe:ed:c0:ff:ee","Apple_71:a3:f8","ARP","60","","","","","","","Who has 10.70.141.120? Tell 10.70.128.1"
"190","35.430203","00:fe:ed:c0:ff:ee","Apple_71:a3:f8","ARP","60","","","","","","","Who has 10.70.129.39? Tell 10.70.128.1"
"191","35.737480","00:fe:ed:c0:ff:ee","Apple_71:a3:f8","ARP","60","","","","","","","Who has 10.70.142.159? Tell 10.70.128.1"
"192","36.146885","00:fe:ed:c0:ff:ee","Apple_71:a3:f8","ARP","60","","","","","","","Who has 10.70.141.120? Tell 10.70.128.1"
"193","36.352057","00:fe:ed:c0:ff:ee","Apple_71:a3:f8","ARP","60","","","","","","","Who has 10.70.129.39? Tell 10.70.128.1"
"194","36.352062","13.35.199.36","10.70.129.112","TLSv1.2","105","","","","","","","[TCP ACKed unseen segment] , Application Data"
"195","36.352064","13.35.199.36","10.70.129.112","TLSv1.2","90","","","","","","","[TCP ACKed unseen segment] , Application Data"
"196","36.352065","13.35.199.36","10.70.129.112","TCP","66","","","","","","","[TCP ACKed unseen segment] 443  >  59839 [FIN, ACK] Seq=64 Ack=2 Win=133 Len=0 TSval=561753389 TSecr=1422616179"
"197","36.352066","13.35.199.36","10.70.129.112","TCP","66","","","","","","","[TCP ACKed unseen segment] [TCP Out-Of-Order] 443  >  59839 [FIN, ACK] Seq=64 Ack=2 Win=133 Len=0 TSval=561753441 TSecr=1422616179"
"198","36.352199","10.70.129.112","13.35.199.36","TCP","66","","","","","","","[TCP Previous segment not captured] 59839  >  443 [ACK] Seq=2 Ack=40 Win=2047 Len=0 TSval=1422855480 TSecr=561753388"
"199","36.352201","10.70.129.112","13.35.199.36","TCP","66","","","","","","","59839  >  443 [ACK] Seq=2 Ack=64 Win=2047 Len=0 TSval=1422855480 TSecr=561753388"
"200","36.352287","10.70.129.112","13.35.199.36","TCP","66","","","","","","","59839  >  443 [ACK] Seq=2 Ack=65 Win=2047 Len=0 TSval=1422855480 TSecr=561753389"
"201","36.352288","10.70.129.112","13.35.199.36","TCP","66","","","","","","","[TCP Dup ACK 200#1] 59839  >  443 [ACK] Seq=2 Ack=65 Win=2047 Len=0 TSval=1422855480 TSecr=561753389"
"202","36.352463","10.70.129.112","13.35.199.36","TCP","66","","","","","","","59839  >  443 [FIN, ACK] Seq=2 Ack=65 Win=2048 Len=0 TSval=1422855480 TSecr=561753389"
"203","36.360030","13.35.199.36","10.70.129.112","TCP","66","","","","","","","[TCP ACKed unseen segment] 443  >  59839 [ACK] Seq=65 Ack=3 Win=133 Len=0 TSval=561753455 TSecr=1422855480"
"204","36.761410","00:fe:ed:c0:ff:ee","Apple_71:a3:f8","ARP","60","","","","","","","Who has 10.70.142.159? Tell 10.70.128.1"
"205","37.068590","00:fe:ed:c0:ff:ee","Apple_71:a3:f8","ARP","60","","","","","","","Who has 10.70.141.120? Tell 10.70.128.1"
"206","37.375921","00:fe:ed:c0:ff:ee","Apple_71:a3:f8","ARP","60","","","","","","","Who has 10.70.129.39? Tell 10.70.128.1"
"207","37.990251","00:fe:ed:c0:ff:ee","Apple_71:a3:f8","ARP","60","","","","","","","Who has 10.70.142.159? Tell 10.70.128.1"
"208","38.047772","00:fe:ed:c0:ff:ee","Apple_71:a3:f8","ARP","60","","","","","","","Who has 10.70.141.120? Tell 10.70.128.1"
"209","39.014877","00:fe:ed:c0:ff:ee","Apple_71:a3:f8","ARP","60","","","","","","","Who has 10.70.142.159? Tell 10.70.128.1"
"210","39.110558","00:fe:ed:c0:ff:ee","Apple_71:a3:f8","ARP","60","","","","","","","Who has 10.70.141.120? Tell 10.70.128.1"
"211","39.147362","10.70.129.112","172.217.169.46","TCP","54","","","","","","","59873  >  443 [ACK] Seq=1 Ack=1 Win=2048 Len=0"
"212","39.153423","172.217.169.46","10.70.129.112","TCP","66","","","","","","","[TCP ACKed unseen segment] 443  >  59873 [ACK] Seq=1 Ack=2 Win=261 Len=0 TSval=624441388 TSecr=1422723259"
"213","39.196078","10.70.129.112","104.17.32.82","TCP","54","","","","","","","59867  >  443 [ACK] Seq=1 Ack=1 Win=4096 Len=0"
"214","39.202333","104.17.32.82","10.70.129.112","TCP","60","","","","","","","[TCP ACKed unseen segment] 443  >  59867 [ACK] Seq=1 Ack=2 Win=74 Len=0"
"215","39.526438","00:fe:ed:c0:ff:ee","Apple_71:a3:f8","ARP","60","","","","","","","Who has 10.70.129.7? Tell 10.70.128.1"
"216","40.038154","142.250.180.10","10.70.129.112","TLSv1.2","139","","","","","","","[TCP ACKed unseen segment] , Application Data"
"217","40.038223","10.70.129.112","142.250.180.10","TCP","66","","","","","","","[TCP Previous segment not captured] 59862  >  443 [ACK] Seq=2 Ack=74 Win=2046 Len=0 TSval=1422859161 TSecr=2102701684"
"218","40.038441","00:fe:ed:c0:ff:ee","Apple_71:a3:f8","ARP","60","","","","","","","Who has 10.70.142.159? Tell 10.70.128.1"
"219","40.111452","00:fe:ed:c0:ff:ee","Apple_71:a3:f8","ARP","60","","","","","","","Who has 10.70.141.120? Tell 10.70.128.1"
"220","40.550581","00:fe:ed:c0:ff:ee","Apple_71:a3:f8","ARP","60","","","","","","","Who has 10.70.129.7? Tell 10.70.128.1"
"221","41.164845","00:fe:ed:c0:ff:ee","Apple_71:a3:f8","ARP","60","","","","","","","Who has 10.70.141.120? Tell 10.70.128.1"
"222","41.229186","00:fe:ed:c0:ff:ee","Apple_71:a3:f8","ARP","60","","","","","","","Who has 10.70.142.159? Tell 10.70.128.1"
"223","41.574231","00:fe:ed:c0:ff:ee","Apple_71:a3:f8","ARP","60","","","","","","","Who has 10.70.129.7? Tell 10.70.128.1"
"224","41.830485","10.70.129.112","17.36.202.136","TLSv1.2","85","","","","","","","Encrypted Alert"
"225","41.832025","10.70.129.112","17.36.202.136","TCP","54","","","","","","","59909  >  443 [FIN, ACK] Seq=32 Ack=1 Win=4096 Len=0"
"226","41.862305","00:fe:ed:c0:ff:ee","Apple_71:a3:f8","ARP","60","","","","","","","Who has 10.70.140.240? Tell 10.70.128.1"
"227","41.929257","17.36.202.136","10.70.129.112","TCP","60","","","","","","","443  >  59909 [ACK] Seq=1 Ack=32 Win=302 Len=0"
"228","41.929262","17.36.202.136","10.70.129.112","TLSv1.2","85","","","","","","","Encrypted Alert"
"229","41.929263","17.36.202.136","10.70.129.112","TCP","60","","","","","","","443  >  59909 [ACK] Seq=33 Ack=33 Win=302 Len=0"
"230","41.929401","10.70.129.112","17.36.202.136","TCP","54","","","","","","","59909  >  443 [RST] Seq=32 Win=0 Len=0"
"231","41.929402","10.70.129.112","17.36.202.136","TCP","54","","","","","","","59909  >  443 [RST] Seq=33 Win=0 Len=0"
"232","42.291910","00:fe:ed:c0:ff:ee","Apple_71:a3:f8","ARP","60","","","","","","","Who has 10.70.142.159? Tell 10.70.128.1"
"233","42.342421","00:fe:ed:c0:ff:ee","Apple_71:a3:f8","ARP","60","","","","","","","Who has 10.70.141.120? Tell 10.70.128.1"
"234","42.580749","10.70.129.112","162.159.136.232","TCP","54","","","","","","","59878  >  443 [ACK] Seq=1 Ack=1 Win=32768 Len=0"
"235","42.587871","162.159.136.232","10.70.129.112","TCP","60","","","","","","","[TCP ACKed unseen segment] 443  >  59878 [ACK] Seq=1 Ack=2 Win=67 Len=0"
"236","42.906516","00:fe:ed:c0:ff:ee","Apple_71:a3:f8","ARP","60","","","","","","","Who has 10.70.140.240? Tell 10.70.128.1"
"237","43.012540","00:fe:ed:c0:ff:ee","Apple_71:a3:f8","ARP","60","","","","","","","Who has 10.70.129.39? Tell 10.70.128.1"
"238","43.315623","00:fe:ed:c0:ff:ee","Apple_71:a3:f8","ARP","60","","","","","","","Who has 10.70.142.159? Tell 10.70.128.1"
"239","43.343905","00:fe:ed:c0:ff:ee","Apple_71:a3:f8","ARP","60","","","","","","","Who has 10.70.141.120? Tell 10.70.128.1"
"240","43.930107","00:fe:ed:c0:ff:ee","Apple_71:a3:f8","ARP","60","","","","","","","Who has 10.70.140.240? Tell 10.70.128.1"
"241","44.013424","00:fe:ed:c0:ff:ee","Apple_71:a3:f8","ARP","60","","","","","","","Who has 10.70.129.39? Tell 10.70.128.1"
"242","44.163504","10.70.129.112","17.248.176.203","TLSv1.2","90","","","","","","","Application Data"
"243","44.165089","10.70.129.112","17.248.176.203","TCP","66","","","","","","","59910  >  443 [FIN, ACK] Seq=25 Ack=1 Win=2048 Len=0 TSval=1422863281 TSecr=3016321583"
"244","44.185472","17.248.176.203","10.70.129.112","TCP","66","","","","","","","443  >  59910 [FIN, ACK] Seq=1 Ack=25 Win=330 Len=0 TSval=3016380876 TSecr=1422863280"
"245","44.185478","17.248.176.203","10.70.129.112","TCP","66","","","","","","","443  >  59910 [ACK] Seq=2 Ack=26 Win=330 Len=0 TSval=3016380876 TSecr=1422863281"
"246","44.185604","10.70.129.112","17.248.176.203","TCP","66","","","","","","","[TCP Retransmission] 59910  >  443 [FIN, ACK] Seq=25 Ack=2 Win=2048 Len=0 TSval=1422863301 TSecr=3016380876"
"247","44.441919","00:fe:ed:c0:ff:ee","Apple_71:a3:f8","ARP","60","","","","","","","Who has 10.70.141.120? Tell 10.70.128.1"
"248","44.484400","00:fe:ed:c0:ff:ee","Apple_71:a3:f8","ARP","60","","","","","","","Who has 10.70.142.159? Tell 10.70.128.1"
"249","44.715013","10.70.129.112","104.18.143.51","TCP","54","","","","","","","59845  >  443 [ACK] Seq=1 Ack=1 Win=4096 Len=0"
"250","44.721766","104.18.143.51","10.70.129.112","TCP","60","","","","","","","[TCP ACKed unseen segment] 443  >  59845 [ACK] Seq=1 Ack=2 Win=92 Len=0"
"251","45.056304","00:fe:ed:c0:ff:ee","Apple_71:a3:f8","ARP","60","","","","","","","Who has 10.70.129.39? Tell 10.70.128.1"
"252","45.056307","142.250.180.10","10.70.129.112","TLSv1.2","122","","","","","","","[TCP ACKed unseen segment] , Application Data"
"253","45.056307","142.250.180.10","10.70.129.112","TCP","66","","","","","","","443  >  59862 [FIN, ACK] Seq=130 Ack=2 Win=261 Len=0 TSval=2102706684 TSecr=1422859161"
"254","45.056308","142.250.180.10","10.70.129.112","TCP","66","","","","","","","[TCP Out-Of-Order] 443  >  59862 [FIN, ACK] Seq=130 Ack=2 Win=261 Len=0 TSval=2102706704 TSecr=1422859161"
"255","45.056439","10.70.129.112","142.250.180.10","TCP","66","","","","","","","59862  >  443 [ACK] Seq=2 Ack=130 Win=2045 Len=0 TSval=1422864170 TSecr=2102706684"
"256","45.056439","10.70.129.112","142.250.180.10","TCP","66","","","","","","","59862  >  443 [ACK] Seq=2 Ack=131 Win=2045 Len=0 TSval=1422864170 TSecr=2102706684"
"257","45.056493","10.70.129.112","142.250.180.10","TCP","66","","","","","","","[TCP Dup ACK 256#1] 59862  >  443 [ACK] Seq=2 Ack=131 Win=2045 Len=0 TSval=1422864170 TSecr=2102706684"
"258","45.469403","00:fe:ed:c0:ff:ee","Apple_71:a3:f8","ARP","60","","","","","","","Who has 10.70.141.120? Tell 10.70.128.1"
"259","45.488169","00:fe:ed:c0:ff:ee","Apple_71:a3:f8","ARP","60","","","","","","","Who has 10.70.142.159? Tell 10.70.128.1"
"260","46.285502","00:fe:ed:c0:ff:ee","Apple_71:a3:f8","ARP","60","","","","","","","Who has 10.70.142.24? Tell 10.70.128.1"
"261","46.372264","00:fe:ed:c0:ff:ee","Apple_71:a3:f8","ARP","60","","","","","","","Who has 10.70.141.120? Tell 10.70.128.1"
"262","46.592128","00:fe:ed:c0:ff:ee","Apple_71:a3:f8","ARP","60","","","","","","","Who has 10.70.142.159? Tell 10.70.128.1"
"263","47.309538","00:fe:ed:c0:ff:ee","Apple_71:a3:f8","ARP","60","","","","","","","Who has 10.70.142.24? Tell 10.70.128.1"
"264","47.373601","00:fe:ed:c0:ff:ee","Apple_71:a3:f8","ARP","60","","","","","","","Who has 10.70.141.120? Tell 10.70.128.1"
"265","47.719066","00:fe:ed:c0:ff:ee","Apple_71:a3:f8","ARP","60","","","","","","","Who has 10.70.142.159? Tell 10.70.128.1"
"266","48.124398","10.70.129.112","17.248.150.20","TLSv1.2","90","","","","","","","Application Data"
"267","48.125418","10.70.129.112","17.248.150.20","TCP","66","","","","","","","59911  >  443 [FIN, ACK] Seq=25 Ack=1 Win=2048 Len=0 TSval=1422867236 TSecr=692627840"
"268","48.169880","17.248.150.20","10.70.129.112","TCP","66","","","","","","","443  >  59911 [ACK] Seq=1 Ack=25 Win=501 Len=0 TSval=692686781 TSecr=1422867235"
"269","48.169886","17.248.150.20","10.70.129.112","TCP","66","","","","","","","443  >  59911 [FIN, ACK] Seq=1 Ack=25 Win=501 Len=0 TSval=692686781 TSecr=1422867235"
"270","48.169887","17.248.150.20","10.70.129.112","TCP","66","","","","","","","443  >  59911 [ACK] Seq=2 Ack=26 Win=501 Len=0 TSval=692686781 TSecr=1422867236"
"271","48.170007","10.70.129.112","17.248.150.20","TCP","66","","","","","","","[TCP Retransmission] 59911  >  443 [FIN, ACK] Seq=25 Ack=2 Win=2048 Len=0 TSval=1422867280 TSecr=692686781"
"272","48.220062","00:fe:ed:c0:ff:ee","Apple_71:a3:f8","ARP","60","","","","","","","Who has 10.70.142.24? Tell 10.70.128.1"
"273","48.435714","00:fe:ed:c0:ff:ee","Apple_71:a3:f8","ARP","60","","","","","","","Who has 10.70.141.120? Tell 10.70.128.1"
"274","48.742592","00:fe:ed:c0:ff:ee","Apple_71:a3:f8","ARP","60","","","","","","","Who has 10.70.142.159? Tell 10.70.128.1"
"275","49.306043","10.70.129.112","172.67.221.13","TCP","54","","","","","","","[TCP Dup ACK 31#1] 59868  >  443 [ACK] Seq=1 Ack=1 Win=4096 Len=0"
"276","49.319446","172.67.221.13","10.70.129.112","TCP","54","","","","","","","[TCP Dup ACK 32#1] [TCP ACKed unseen segment] 443  >  59868 [ACK] Seq=1 Ack=2 Win=66 Len=0"
"277","49.399908","00:fe:ed:c0:ff:ee","Apple_71:a3:f8","ARP","60","","","","","","","Who has 10.70.141.120? Tell 10.70.128.1"
"278","49.767547","00:fe:ed:c0:ff:ee","Apple_71:a3:f8","ARP","60","","","","","","","Who has 10.70.142.159? Tell 10.70.128.1"
"279","50.483335","00:fe:ed:c0:ff:ee","Apple_71:a3:f8","ARP","60","","","","","","","Who has 10.70.141.120? Tell 10.70.128.1"
"280","50.791157","00:fe:ed:c0:ff:ee","Apple_71:a3:f8","ARP","60","","","","","","","Who has 10.70.129.39? Tell 10.70.128.1"
"281","50.895985","00:fe:ed:c0:ff:ee","Apple_71:a3:f8","ARP","60","","","","","","","Who has 10.70.142.159? Tell 10.70.128.1"
"282","51.508343","00:fe:ed:c0:ff:ee","Apple_71:a3:f8","ARP","60","","","","","","","Who has 10.70.141.120? Tell 10.70.128.1"
"283","51.616161","00:fe:ed:c0:ff:ee","Apple_71:a3:f8","ARP","60","","","","","","","Who has 10.70.129.7? Tell 10.70.128.1"
"284","51.693553","00:fe:ed:c0:ff:ee","Apple_71:a3:f8","ARP","60","","","","","","","Who has 10.70.129.39? Tell 10.70.128.1"
"285","51.899768","00:fe:ed:c0:ff:ee","Apple_71:a3:f8","ARP","60","","","","","","","Who has 10.70.142.159? Tell 10.70.128.1"
"286","52.428475","00:fe:ed:c0:ff:ee","Apple_71:a3:f8","ARP","60","","","","","","","Who has 10.70.141.120? Tell 10.70.128.1"
"287","52.633662","00:fe:ed:c0:ff:ee","Apple_71:a3:f8","ARP","60","","","","","","","Who has 10.70.129.7? Tell 10.70.128.1"
"288","52.696010","00:fe:ed:c0:ff:ee","Apple_71:a3:f8","ARP","60","","","","","","","Who has 10.70.129.39? Tell 10.70.128.1"
"289","52.941699","00:fe:ed:c0:ff:ee","Apple_71:a3:f8","ARP","60","","","","","","","Who has 10.70.142.159? Tell 10.70.128.1"
"290","53.453126","00:fe:ed:c0:ff:ee","Apple_71:a3:f8","ARP","60","","","","","","","Who has 10.70.141.120? Tell 10.70.128.1"
"291","53.618103","00:fe:ed:c0:ff:ee","Apple_71:a3:f8","ARP","60","","","","","","","Who has 10.70.129.7? Tell 10.70.128.1"
"292","53.996237","10.70.129.112","151.101.1.69","TCP","54","","","","","","","[TCP Dup ACK 44#1] 59880  >  443 [ACK] Seq=1 Ack=1 Win=2056 Len=0"
"293","54.067525","151.101.1.69","10.70.129.112","TCP","66","","","","","","","[TCP Dup ACK 45#1] [TCP ACKed unseen segment] 443  >  59880 [ACK] Seq=1 Ack=2 Win=285 Len=0 TSval=555116520 TSecr=1422738085"
"294","54.107427","00:fe:ed:c0:ff:ee","Apple_71:a3:f8","ARP","60","","","","","","","Who has 10.70.142.159? Tell 10.70.128.1"
"295","54.477657","00:fe:ed:c0:ff:ee","Apple_71:a3:f8","ARP","60","","","","","","","Who has 10.70.141.120? Tell 10.70.128.1"
"296","54.577051","10.70.129.112","99.84.5.7","TCP","54","","","","","","","[TCP Dup ACK 46#1] 59882  >  443 [ACK] Seq=1 Ack=1 Win=2048 Len=0"
"297","54.583331","99.84.5.7","10.70.129.112","TCP","66","","","","","","","[TCP Dup ACK 47#1] [TCP ACKed unseen segment] 443  >  59882 [ACK] Seq=1 Ack=2 Win=133 Len=0 TSval=886847493 TSecr=1422738667"
"298","54.843995","10.70.129.112","151.101.129.69","TCP","54","","","","","","","[TCP Dup ACK 50#1] 59879  >  443 [ACK] Seq=1 Ack=1 Win=2048 Len=0"
"299","54.851720","151.101.129.69","10.70.129.112","TCP","66","","","","","","","[TCP Dup ACK 51#1] [TCP ACKed unseen segment] 443  >  59879 [ACK] Seq=1 Ack=2 Win=293 Len=0 TSval=214000278 TSecr=1422738935"
"300","54.879196","10.70.129.112","91.228.74.134","TCP","54","","","","","","","[TCP Dup ACK 52#1] 59883  >  443 [ACK] Seq=1 Ack=1 Win=2051 Len=0"
"301","54.899209","91.228.74.134","10.70.129.112","TCP","66","","","","","","","[TCP Dup ACK 53#1] [TCP ACKed unseen segment] 443  >  59883 [ACK] Seq=1 Ack=2 Win=91 Len=0 TSval=753372714 TSecr=1422738885"
"302","54.933757","00:fe:ed:c0:ff:ee","Apple_71:a3:f8","ARP","60","","","","","","","Who has 10.70.142.200? Tell 10.70.128.1"
"303","55.194061","00:fe:ed:c0:ff:ee","Apple_71:a3:f8","ARP","60","","","","","","","Who has 10.70.142.159? Tell 10.70.128.1"
"304","55.400981","52.97.146.130","10.70.129.112","TLSv1.2","89","","","","","","","Application Data"
"305","55.400987","52.97.146.130","10.70.129.112","TLSv1.2","382","","","","","","","Application Data"
"306","55.400989","52.97.146.130","10.70.129.112","TLSv1.2","853","","","","","","","Application Data"
"307","55.400990","52.97.146.130","10.70.129.112","TLSv1.2","89","","","","","","","Application Data"
"308","55.401107","10.70.129.112","52.97.146.130","TCP","54","","","","","","","59886  >  443 [ACK] Seq=1 Ack=1232 Win=4095 Len=0"
"309","55.401188","10.70.129.112","52.97.146.130","TCP","54","","","","","","","59886  >  443 [ACK] Seq=1 Ack=1560 Win=4090 Len=0"
"310","55.401189","10.70.129.112","52.97.146.130","TCP","54","","","","","","","59886  >  443 [ACK] Seq=1 Ack=2359 Win=4077 Len=0"
"311","55.401189","10.70.129.112","52.97.146.130","TCP","54","","","","","","","59886  >  443 [ACK] Seq=1 Ack=2394 Win=4077 Len=0"
"312","55.418435","52.97.146.130","10.70.129.112","TLSv1.2","89","","","","","","","Application Data"
"313","55.418440","52.97.146.130","10.70.129.112","TLSv1.2","1145","","","","","","","Application Data"
"314","55.418441","52.97.146.130","10.70.129.112","TLSv1.2","89","","","","","","","Application Data"
"315","55.418530","10.70.129.112","52.97.146.130","TCP","54","","","","","","","59887  >  443 [ACK] Seq=1 Ack=1197 Win=4095 Len=0"
"316","55.418530","10.70.129.112","52.97.146.130","TCP","54","","","","","","","59887  >  443 [ACK] Seq=1 Ack=2288 Win=4078 Len=0"
"317","55.418595","10.70.129.112","52.97.146.130","TCP","54","","","","","","","59887  >  443 [ACK] Seq=1 Ack=2323 Win=4077 Len=0"
"318","55.455398","00:fe:ed:c0:ff:ee","Apple_71:a3:f8","ARP","60","","","","","","","Who has 10.70.141.120? Tell 10.70.128.1"
"319","56.013724","00:fe:ed:c0:ff:ee","Apple_71:a3:f8","ARP","60","","","","","","","Who has 10.70.142.200? Tell 10.70.128.1"
"320","56.105633","00:fe:ed:c0:ff:ee","Apple_71:a3:f8","ARP","60","","","","","","","Who has 10.70.142.159? Tell 10.70.128.1"
"321","56.524721","00:fe:ed:c0:ff:ee","Apple_71:a3:f8","ARP","60","","","","","","","Who has 10.70.141.120? Tell 10.70.128.1"
"322","57.037767","00:fe:ed:c0:ff:ee","Apple_71:a3:f8","ARP","60","","","","","","","Who has 10.70.142.200? Tell 10.70.128.1"
"323","57.754049","00:fe:ed:c0:ff:ee","Apple_71:a3:f8","ARP","60","","","","","","","Who has 10.70.141.120? Tell 10.70.128.1"
"324","58.471375","00:fe:ed:c0:ff:ee","Apple_71:a3:f8","ARP","60","","","","","","","Who has 10.70.129.39? Tell 10.70.128.1"
"325","58.483553","00:fe:ed:c0:ff:ee","Apple_71:a3:f8","ARP","60","","","","","","","Who has 10.70.141.120? Tell 10.70.128.1"
"326","59.085231","00:fe:ed:c0:ff:ee","Apple_71:a3:f8","ARP","60","","","","","","","Who has 10.70.129.112? Tell 10.70.128.1"
"327","59.085272","Apple_71:a3:f8","00:fe:ed:c0:ff:ee","ARP","42","","","","","","","10.70.129.112 is at dc:a9:04:71:a3:f8"
"328","59.395344","00:fe:ed:c0:ff:ee","Apple_71:a3:f8","ARP","60","","","","","","","Who has 10.70.129.39? Tell 10.70.128.1"
"329","59.485514","00:fe:ed:c0:ff:ee","Apple_71:a3:f8","ARP","60","","","","","","","Who has 10.70.141.120? Tell 10.70.128.1"
"330","59.699783","00:fe:ed:c0:ff:ee","Apple_71:a3:f8","ARP","60","","","","","","","Who has 10.70.143.64? Tell 10.70.128.1"
"331","59.699787","00:fe:ed:c0:ff:ee","Apple_71:a3:f8","ARP","60","","","","","","","Who has 10.70.143.175? Tell 10.70.128.1"
"332","60.416469","00:fe:ed:c0:ff:ee","Apple_71:a3:f8","ARP","60","","","","","","","Who has 10.70.129.39? Tell 10.70.128.1"
"333","60.511991","00:fe:ed:c0:ff:ee","Apple_71:a3:f8","ARP","60","","","","","","","Who has 10.70.141.120? Tell 10.70.128.1"
"334","60.723614","00:fe:ed:c0:ff:ee","Apple_71:a3:f8","ARP","60","","","","","","","Who has 10.70.142.198? Tell 10.70.128.1"
"335","60.723620","00:fe:ed:c0:ff:ee","Apple_71:a3:f8","ARP","60","","","","","","","Who has 10.70.143.64? Tell 10.70.128.1"
"336","60.723621","00:fe:ed:c0:ff:ee","Apple_71:a3:f8","ARP","60","","","","","","","Who has 10.70.143.175? Tell 10.70.128.1"
"337","61.542578","00:fe:ed:c0:ff:ee","Apple_71:a3:f8","ARP","60","","","","","","","Who has 10.70.141.120? Tell 10.70.128.1"
"338","61.640201","00:fe:ed:c0:ff:ee","Apple_71:a3:f8","ARP","60","","","","","","","Who has 10.70.142.198? Tell 10.70.128.1"
"339","61.660865","00:fe:ed:c0:ff:ee","Apple_71:a3:f8","ARP","60","","","","","","","Who has 10.70.143.64? Tell 10.70.128.1"
"340","61.697666","00:fe:ed:c0:ff:ee","Apple_71:a3:f8","ARP","60","","","","","","","Who has 10.70.143.175? Tell 10.70.128.1"
"341","62.567375","00:fe:ed:c0:ff:ee","Apple_71:a3:f8","ARP","60","","","","","","","Who has 10.70.141.120? Tell 10.70.128.1"
"342","62.641278","00:fe:ed:c0:ff:ee","Apple_71:a3:f8","ARP","60","","","","","","","Who has 10.70.142.198? Tell 10.70.128.1"
"343","63.488813","00:fe:ed:c0:ff:ee","Apple_71:a3:f8","ARP","60","","","","","","","Who has 10.70.142.200? Tell 10.70.128.1"
"344","63.539761","00:fe:ed:c0:ff:ee","Apple_71:a3:f8","ARP","60","","","","","","","Who has 10.70.141.120? Tell 10.70.128.1"
"345","63.795340","52.97.133.178","10.70.129.112","TLSv1.2","89","","","","","","","Application Data"
"346","63.795344","52.97.133.178","10.70.129.112","TLSv1.2","667","","","","","","","Application Data"
"347","63.795345","52.97.133.178","10.70.129.112","TLSv1.2","343","","","","","","","Application Data"
"348","63.795346","52.97.133.178","10.70.129.112","TLSv1.2","313","","","","","","","Application Data"
"349","63.795347","52.97.133.178","10.70.129.112","TLSv1.2","89","","","","","","","Application Data"
"350","63.795431","10.70.129.112","52.97.133.178","TCP","54","","","","","","","58611  >  443 [ACK] Seq=1 Ack=1197 Win=4095 Len=0"
"351","63.795503","10.70.129.112","52.97.133.178","TCP","54","","","","","","","58611  >  443 [ACK] Seq=1 Ack=1810 Win=4085 Len=0"
"352","63.795503","10.70.129.112","52.97.133.178","TCP","54","","","","","","","58611  >  443 [ACK] Seq=1 Ack=2099 Win=4081 Len=0"
"353","63.795503","10.70.129.112","52.97.133.178","TCP","54","","","","","","","58611  >  443 [ACK] Seq=1 Ack=2358 Win=4077 Len=0"
"354","63.795504","10.70.129.112","52.97.133.178","TCP","54","","","","","","","58611  >  443 [ACK] Seq=1 Ack=2393 Win=4076 Len=0"
"355","64.000565","00:fe:ed:c0:ff:ee","Apple_71:a3:f8","ARP","60","","","","","","","Who has 10.70.143.175? Tell 10.70.128.1"
"356","64.157523","10.70.129.112","74.125.140.188","TCP","54","","","","","","","[TCP Dup ACK 104#1] 58648  >  5228 [ACK] Seq=1 Ack=1 Win=2048 Len=0"
"357","64.204756","74.125.140.188","10.70.129.112","TCP","66","","","","","","","[TCP Dup ACK 105#1] [TCP ACKed unseen segment] 5228  >  58648 [ACK] Seq=1 Ack=2 Win=265 Len=0 TSval=1194946822 TSecr=1422478156"
"358","64.414323","00:fe:ed:c0:ff:ee","Apple_71:a3:f8","ARP","60","","","","","","","Who has 10.70.142.200? Tell 10.70.128.1"
"359","64.414564","40.100.174.194","10.70.129.112","TLSv1.2","89","","","","","","","Application Data"
"360","64.414570","40.100.174.194","10.70.129.112","TLSv1.2","1145","","","","","","","Application Data"
"361","64.414572","40.100.174.194","10.70.129.112","TLSv1.2","89","","","","","","","Application Data"
"362","64.414670","10.70.129.112","40.100.174.194","TCP","54","","","","","","","58667  >  443 [ACK] Seq=1 Ack=1197 Win=4095 Len=0"
"363","64.414670","10.70.129.112","40.100.174.194","TCP","54","","","","","","","58667  >  443 [ACK] Seq=1 Ack=2288 Win=4078 Len=0"
"364","64.414796","10.70.129.112","40.100.174.194","TCP","54","","","","","","","58667  >  443 [ACK] Seq=1 Ack=2323 Win=4077 Len=0"
"365","64.542855","00:fe:ed:c0:ff:ee","Apple_71:a3:f8","ARP","60","","","","","","","Who has 10.70.141.120? Tell 10.70.128.1"
"366","65.024285","00:fe:ed:c0:ff:ee","Apple_71:a3:f8","ARP","60","","","","","","","Who has 10.70.143.175? Tell 10.70.128.1"
"367","65.434537","00:fe:ed:c0:ff:ee","Apple_71:a3:f8","ARP","60","","","","","","","Who has 10.70.142.200? Tell 10.70.128.1"
